model,segment,wape,mape,smape,bias,vn1,n
croston_sba,erratic,0.6698583422444538,1.3476249813907786,0.6890119296317397,-0.005072935755234459,0.6749312779996883,9867.0
croston_sba,intermittent,1.504911552691445,0.6574466138066537,1.7742506066471377,0.04921373878121786,1.5541252914726629,6620.0
croston_sba,lumpy,1.8113845914718527,0.7010525463180438,1.8748479856817113,0.15266805215772994,1.9640526436295827,8776.0
croston_sba,smooth,0.3379666008333486,0.36000194204292474,0.3155337117984415,-0.04279045547131022,0.38075705630465884,18681.0
ensemble_70_30,erratic,0.6210159091572383,1.3292717102614604,0.6626872889885922,0.04921726799323226,0.6702331771504705,9867.0
ensemble_70_30,intermittent,1.4522736733599177,0.679613403647592,1.785870827753338,-0.047976069299606273,1.500249742659524,6620.0
ensemble_70_30,lumpy,1.656746598457695,0.7372359741670556,1.8877310613752294,-0.05713957219661555,1.7138861706543105,8776.0
ensemble_70_30,smooth,0.19934367447343324,0.25103343189859734,0.21755833394225071,-0.0030571601564505025,0.20240083462988373,18681.0
ets,erratic,0.7482839688461242,1.5982138752455872,0.7139128000307389,0.16024722624820628,0.9085311950943306,9867.0
ets,intermittent,1.504911552691445,0.6574466138066537,1.7742506066471377,0.04921373878121786,1.5541252914726629,6620.0
ets,lumpy,1.8113845914718527,0.7010525463180438,1.8748479856817113,0.15266805215772994,1.9640526436295827,8776.0
ets,smooth,0.3356274136743383,0.36580516771173,0.31855758833559283,-0.029997405366428302,0.3656248190407666,18681.0
lgbm_global,erratic,0.5947299403372976,1.2358388480214515,0.6506035017695292,0.0016330001696720612,0.5963629405069697,9867.0
lgbm_global,intermittent,1.4314084409534655,0.6935982771212504,1.7931271982212782,-0.08962884419138799,1.5210372851448535,6620.0
lgbm_global,lumpy,1.592894196580023,0.7627393662101435,1.8963617593933935,-0.14705712549133496,1.7399513220713578,8776.0
lgbm_global,smooth,0.17340414167951468,0.22906013024385027,0.19997400510312513,0.008488659219254341,0.18189280089876902,18681.0
naive_dow_avg,erratic,0.7252083277210564,1.4599734335353058,0.7275945635656392,0.04358606538976141,0.7687943931108178,9867.0
naive_dow_avg,intermittent,1.5341965095194923,0.7389108865638476,1.7626209776648947,0.05346214868540344,1.5876586582048957,6620.0
naive_dow_avg,lumpy,1.7812954876273654,0.8574230573306274,1.872008023630274,0.040711426491994177,1.8220069141193596,8776.0
naive_dow_avg,smooth,0.36925508838325566,0.4055108429154351,0.33602557804419175,0.030786449439239395,0.4000415378224951,18681.0
seasonal_naive,erratic,0.9200901556172157,1.7571132073366555,0.8918375502843802,0.08231638874671121,1.002406544363927,9867.0
seasonal_naive,intermittent,1.5376246600181325,0.9100318086863769,1.7943359737151614,-0.08522212148685404,1.6228467815049865,6620.0
seasonal_naive,lumpy,1.8196870451237264,1.0234086259521318,1.8965768306931379,-0.021834061135371178,1.8415211062590975,8776.0
seasonal_naive,smooth,0.3947131582591037,0.4453251518845327,0.3715483079792582,-0.0032491807818341256,0.3979623390409378,18681.0
