model,on_promo,wape,mape,smape,bias,vn1,n
croston_sba,0.0,0.397675138749165,0.7044361412020765,0.9288972761980462,0.09520334164360329,0.49287848039276827,40624.0
croston_sba,1.0,0.5467230003471141,0.56694879795523,0.9507975812832474,-0.5226557999280398,1.0693788002751539,3320.0
ensemble_70_30,0.0,0.32394701093545886,0.6429545185130005,0.9083337863775012,0.04918696845552395,0.3731339793909828,40624.0
ensemble_70_30,1.0,0.24886562943535212,0.4261582894099969,0.6301155582476297,-0.15704243346029823,0.40590806289565035,3320.0
ets,0.0,0.4252595738909442,0.7926890790686877,0.9389429421399391,0.1343636350816765,0.5596232089726207,40624.0
ets,1.0,0.5082193818179565,0.5669448108643094,0.9189649977700263,-0.46400059020854717,0.9722199720265037,3320.0
lgbm_global,0.0,0.3029814455312798,0.5978197016358077,0.9033775412899211,0.012682682758601519,0.31566412828988133,40624.0
lgbm_global,1.0,0.2018856361893649,0.4372804912785997,0.5931875772864319,-0.025488937711048626,0.22737457390041352,3320.0
naive_dow_avg,0.0,0.4431049218410818,0.783514372639528,0.804539753920727,0.17771465005216655,0.6208195718932483,40624.0
naive_dow_avg,1.0,0.5441076442785636,0.5716080838929318,0.8659264189873804,-0.5191128765020842,1.0632205207806478,3320.0
seasonal_naive,0.0,0.5233169749305014,0.924092385525383,0.7369635059488964,0.13807317865967172,0.6613901535901732,40624.0
seasonal_naive,1.0,0.5238109772049462,0.6003074467796631,0.828739000205735,-0.4663698833214155,0.9901808605263617,3320.0
