feature,gain
rmean_91,9326997.722402573
sku_id,6959488.357562542
segment,1197276.5134572983
price_ratio,668320.9339437485
on_promo,644884.4115581512
rmean_28,603109.5918884277
rel_price,215938.6516418457
rmean_7,162296.67578840256
dow,121470.15492153168
rstd_28,118082.3056473732
store_id,117739.99142742157
weekofyear,108689.09329414368
store_size,99922.97248888016
trend_ratio,95127.87686634064
selling_price,94965.60259532928
days_to_holiday,92139.88666152954
dow_mean_4w,86187.5080909729
discount_pct,79795.12897491455
lag_42,61954.538838386536
lag_28,61445.946643829346
dom,61034.038992881775
lag_49,60636.46305847168
lag_35,52749.72658729553
lag_364,42261.44083118439
month,32656.768494606018
rzero_28,27557.215087890625
n_sibling_promo,19694.69208240509
log_price,14025.057002067566
is_weekend,13308.20546913147
region,13088.156600952148
is_payday_window,3615.9975967407227
category,2941.611611366272
