week,category,wape,bias,units,alert_accuracy,alert_bias,status
2025-09-08,Beverages,0.334658662626312,-0.0673270172025673,6400.0,False,False,GREEN
2025-09-08,Household,0.2622377200037006,0.03573563174316569,3920.0,False,False,GREEN
2025-09-08,Personal Care,0.2513934676755232,0.0076984571081230415,6624.0,False,False,GREEN
2025-09-08,Snacks,0.25195003282831935,-0.017934819231153813,5348.0,False,False,GREEN
2025-09-15,Beverages,0.2837890378746179,-0.02276229427482132,9568.0,False,False,GREEN
2025-09-15,Household,0.25915414746841337,0.018822738701234007,8258.0,False,False,GREEN
2025-09-15,Personal Care,0.27425146843772447,0.010438397829381975,10713.0,False,False,GREEN
2025-09-15,Snacks,0.28891108163798274,0.03526378909535217,7779.0,False,False,GREEN
2025-09-22,Beverages,0.30939803274113276,0.018769818493648793,7878.0,False,False,GREEN
2025-09-22,Household,0.25150619899871085,0.04115182969635622,7849.0,False,False,GREEN
2025-09-22,Personal Care,0.288930264152078,0.03459739730769881,10161.0,False,False,GREEN
2025-09-22,Snacks,0.28060892487486927,0.05224530040687444,7598.0,False,False,GREEN
2025-09-29,Beverages,0.3380792518049813,0.032712102379813084,6814.0,False,False,GREEN
2025-09-29,Household,0.24830024392639344,0.05755565490444768,7434.0,False,False,GREEN
2025-09-29,Personal Care,0.2891404262535964,0.017209772134426895,10639.0,False,False,GREEN
2025-09-29,Snacks,0.2916263106962093,0.07489462592464866,7409.0,False,False,GREEN
2025-10-06,Beverages,0.35451694356492436,0.035997526339844876,6521.0,True,False,AMBER-accuracy
2025-10-06,Household,0.23335552280810049,0.004818191736483545,8118.0,False,False,GREEN
2025-10-06,Personal Care,0.2809993605654091,0.03808864414507114,10718.0,False,False,GREEN
2025-10-06,Snacks,0.282040811107611,0.01838071120662472,7740.0,False,False,GREEN
2025-10-13,Beverages,0.34746816993756263,0.029587975960314903,7189.0,True,False,AMBER-accuracy
2025-10-13,Household,0.23999078449754155,0.03762731024874978,7439.0,False,False,GREEN
2025-10-13,Personal Care,0.2522715211934008,0.026068600240123706,10789.0,False,False,GREEN
2025-10-13,Snacks,0.22759553061697982,0.02155543592596891,10983.0,False,False,GREEN
2025-10-20,Beverages,0.3353815594502342,0.03821784781454094,7766.0,False,False,GREEN
2025-10-20,Household,0.2771738512097293,-0.012570534039809256,6796.0,False,False,GREEN
2025-10-20,Personal Care,0.2397235167346738,0.02591761352864515,11729.0,False,False,GREEN
2025-10-20,Snacks,0.2246344961359677,0.0657267816996842,10884.0,False,False,GREEN
2025-10-27,Beverages,0.2530579594963559,-0.02987156974869265,10113.0,False,False,GREEN
2025-10-27,Household,0.2862813874097121,0.0386780206769181,6568.0,False,False,GREEN
2025-10-27,Personal Care,0.2567964075080417,0.00982759977021902,11665.0,False,False,GREEN
2025-10-27,Snacks,0.26124254993103224,0.04386345838010441,8736.0,False,False,GREEN
2025-11-03,Beverages,0.25882761586756403,-0.05648355345464374,10496.0,False,False,GREEN
2025-11-03,Household,0.25031930232818894,0.04151320067707675,7757.0,False,False,GREEN
2025-11-03,Personal Care,0.2718835887294325,-0.006583208157485104,11493.0,False,False,GREEN
2025-11-03,Snacks,0.27146308348574527,-0.008265419529370275,8229.0,False,False,GREEN
2025-11-10,Beverages,0.31166814712283153,-0.051778416800174705,9047.0,False,False,GREEN
2025-11-10,Household,0.24877530249689506,-0.019113129770847753,7532.0,False,False,GREEN
2025-11-10,Personal Care,0.2795124943125789,-0.0048123015562732815,10725.0,False,False,GREEN
2025-11-10,Snacks,0.2785807167051055,-0.01867738712976817,7689.0,False,False,GREEN
2025-11-17,Beverages,0.2618482027878101,-0.07184017164342554,12173.0,False,False,GREEN
2025-11-17,Household,0.26461105204873303,-0.02534858629379747,7424.0,False,False,GREEN
2025-11-17,Personal Care,0.2580884324819387,0.050833170527342625,10478.0,False,False,GREEN
2025-11-17,Snacks,0.3100895737222978,-0.005520628931217255,7708.0,False,False,GREEN
2025-11-24,Beverages,0.30638140274452874,-0.030340852670675367,11324.0,False,False,GREEN
2025-11-24,Household,0.2754288681786213,0.01695589187742046,6403.0,False,False,GREEN
2025-11-24,Personal Care,0.2778779000838368,0.0038587512989237674,10899.0,False,False,GREEN
2025-11-24,Snacks,0.2776907516881988,0.03276598686650515,7588.0,False,False,GREEN
2025-12-01,Beverages,0.3676983208990997,-0.008861345806573146,8358.0,True,False,AMBER-accuracy
2025-12-01,Household,0.28763073161192027,0.0002466109346312851,5977.0,False,False,GREEN
2025-12-01,Personal Care,0.2970194373958293,-0.042752855702108405,10343.0,False,False,GREEN
2025-12-01,Snacks,0.29407627846116696,-0.007774729368135086,7304.0,False,False,GREEN
2025-12-08,Beverages,0.3422058154738141,0.035474278577627985,6520.0,True,False,AMBER-accuracy
2025-12-08,Household,0.30058277226595104,0.02454226560958581,6704.0,False,False,GREEN
2025-12-08,Personal Care,0.2664006286043179,-0.04090297653256826,10924.0,False,False,GREEN
2025-12-08,Snacks,0.2932161770264861,-0.023064489123236873,9014.0,False,False,GREEN
2025-12-15,Beverages,0.37798872875425393,0.06750208726292474,5907.0,True,False,AMBER-accuracy
2025-12-15,Household,0.3160585010043333,0.013987387506514185,6261.0,False,False,GREEN
2025-12-15,Personal Care,0.2711112623224621,-0.04475188831056767,10113.0,False,False,GREEN
2025-12-15,Snacks,0.3006103143098527,-0.009683024913585862,7169.0,False,False,GREEN
2025-12-22,Beverages,0.3595681214658685,0.003015042393236973,6896.0,True,False,AMBER-accuracy
2025-12-22,Household,0.27867370101131417,0.014785171776020307,6549.0,False,False,GREEN
2025-12-22,Personal Care,0.26175915862589855,-0.060256002127101554,11379.0,False,False,GREEN
2025-12-22,Snacks,0.29434064312686586,-0.0477884082309602,8233.0,False,False,GREEN
2025-12-29,Beverages,0.423295242503838,0.07780610797065769,2402.0,True,False,AMBER-accuracy
2025-12-29,Household,0.2958961030217925,-0.0016657119605334313,2509.0,False,False,GREEN
2025-12-29,Personal Care,0.28416506392673924,-0.029645157246966067,4146.0,False,False,GREEN
2025-12-29,Snacks,0.3429487211679812,0.018590300286778078,2792.0,True,False,AMBER-accuracy
