sku_id,category,regular_price,unit_cost,daily_units,elasticity,rec_price,price_change_pct,new_daily_units,margin_now,margin_new,annual_margin_gain
SKU019,Personal Care,14.84,8.14,271.4111111111111,-1.0199898187771717,16.324,0.10000000000000009,246.26772902925725,1818.454444444444,2015.4550943754416,71905.23722481409
SKU031,Personal Care,14.97,9.79,194.68333333333334,-1.0199898187771717,16.467000000000002,0.10000000000000009,176.64797208769522,1008.459666666667,1179.4785096295416,62421.87768144923
SKU007,Personal Care,7.59,4.87,356.22777777777776,-1.0199898187771717,8.349,0.10000000000000009,323.22702446237776,968.9395555555554,1124.5068181046122,56782.050830405715
SKU038,Household,16.25,8.13,177.04444444444445,-1.163787272492793,17.875,0.10000000000000009,158.45648696135916,1437.600888888889,1544.1584654384449,38893.51544058793
SKU011,Personal Care,17.51,10.62,84.21111111111111,-1.0199898187771717,19.261000000000003,0.10000000000000009,76.40983822461787,580.2145555555558,660.2574120989233,29215.642638329144
SKU022,Household,9.0,5.37,186.7888888888889,-1.163787272492793,9.9,0.10000000000000009,167.17785881181177,678.0436666666667,757.3157004175074,28934.292319056858
SKU014,Household,5.67,4.31,190.89444444444445,-1.163787272492793,6.237,0.10000000000000009,170.8523706689865,259.6164444444445,329.2325182791371,25409.8669496628
SKU039,Personal Care,7.4,5.24,134.11111111111111,-1.0199898187771717,8.14,0.10000000000000009,121.68712856196566,289.68,352.8926728297005,23072.62558284067
SKU015,Personal Care,10.0,5.99,95.96666666666667,-1.0199898187771717,11.0,0.10000000000000009,87.07636531811909,384.8263333333333,436.25259024377664,18770.583772311817
SKU010,Household,6.34,4.14,138.65,-1.163787272492793,6.974,0.10000000000000009,124.09308852437056,305.03000000000003,351.67981287806623,17027.181700494162
SKU003,Personal Care,8.57,4.71,90.0,-1.0199898187771717,9.427000000000001,0.10000000000000009,81.66244750223048,347.40000000000003,385.20176486802126,13797.644176827747
SKU035,Personal Care,5.6,3.96,104.2611111111111,-1.0199898187771717,6.16,0.10000000000000009,94.60241680705921,170.9882222222222,208.1253169755303,13555.039584957458
SKU034,Household,8.85,4.24,82.65,-1.163787272492793,9.735000000000001,0.10000000000000009,73.97254790147296,381.01649999999995,406.479150718594,9293.867512286823
SKU025,Snacks,4.19,2.28,249.12222222222223,-1.6247518184594758,4.609000000000001,0.10000000000000009,213.38290766715733,475.8234444444446,496.96879195680964,7718.051842013243
SKU009,Snacks,5.72,3.1,176.24444444444444,-1.6247518184594758,6.292,0.10000000000000009,150.96024626093615,461.7604444444444,481.86510606490816,7338.201491469283
SKU021,Snacks,4.39,2.88,125.02777777777777,-1.6247518184594758,4.829,0.10000000000000009,107.09117204962703,188.7919444444444,208.72069432472307,7273.993706301716
SKU037,Snacks,4.35,2.62,124.83888888888889,-1.6247518184594758,4.785,0.10000000000000009,106.92938134313127,215.97127777777771,231.5021106078792,5668.753982987038
SKU000,Beverages,3.37,2.33,220.32222222222222,-2.2871464657210856,3.7070000000000003,0.10000000000000009,177.16876987212132,229.13511111111112,243.9613961139111,5411.594026021992
SKU013,Snacks,4.58,2.51,132.61111111111111,-1.6247518184594758,5.038,0.10000000000000009,113.58659306041312,274.50500000000005,287.14690725672443,4614.296148704399
SKU004,Beverages,3.49,2.37,163.80555555555554,-2.2871464657210856,3.8390000000000004,0.10000000000000009,131.7217504584068,183.46222222222224,193.49925142339964,3663.5156584297524
SKU012,Beverages,2.71,2.01,95.73333333333333,-2.2871464657210856,2.9810000000000003,0.10000000000000009,76.98250649141143,67.01333333333335,74.75001380316054,2823.8883714869253
SKU023,Personal Care,19.56,11.74,6.822222222222222,-1.0199898187771717,21.516000000000002,0.10000000000000009,6.190215156341915,53.34977777777777,60.51554336839857,2615.504440576592
SKU029,Snacks,3.67,1.93,95.94444444444444,-1.6247518184594758,4.037,0.10000000000000009,82.1801617994694,166.94333333333333,173.15360091148204,2266.7476660242814
SKU026,Household,5.23,3.75,11.516666666666667,-1.163787272492793,5.753000000000001,0.10000000000000009,10.307527848339952,17.04466666666667,20.645978280224934,1314.478738948766
SKU005,Snacks,2.86,1.55,62.69444444444444,-1.6247518184594758,3.146,0.10000000000000009,53.700238906022705,82.12972222222221,85.70558129401223,1305.1885612033575
SKU002,Household,9.23,5.22,7.038888888888889,-1.163787272492793,10.153,0.10000000000000009,6.299873508850322,28.225944444444448,31.077276019158642,1040.736024770681
SKU030,Household,14.17,7.47,3.816666666666667,-1.163787272492793,15.587000000000002,0.10000000000000009,3.4159535126915324,25.57166666666667,27.72729466251717,786.8042184854331
SKU024,Beverages,3.25,1.67,120.33333333333333,-2.2871464657210856,2.9674436433420435,-0.08694041743321734,148.15975395445696,190.12666666666667,192.2289309673314,767.3264697426259
SKU018,Household,6.54,3.5,7.716666666666667,-1.163787272492793,7.194000000000001,0.10000000000000009,6.906491163214757,23.458666666666666,25.51257835691532,749.6777669407587
SKU006,Household,14.12,7.3,3.7222222222222223,-1.163787272492793,15.532,0.10000000000000009,3.331424823148947,25.385555555555555,27.424289144162127,744.1377598413987
SKU027,Personal Care,6.145,3.32,4.511111111111111,-1.0199898187771717,6.7595,0.10000000000000009,4.093204158753775,12.743888888888888,14.078575704033609,487.1606875278232
SKU033,Snacks,3.35,2.34,7.894444444444445,-1.6247518184594758,3.6850000000000005,0.10000000000000009,6.761899821485004,7.973388888888891,9.094755259897335,409.2987254180819
SKU001,Snacks,5.64,3.94,4.2444444444444445,-1.6247518184594758,6.204,0.10000000000000009,3.6355323459637883,7.215555555555555,8.230845231262016,370.5807316328585
SKU036,Beverages,3.41,2.34,6.888888888888889,-2.2871464657210856,3.7510000000000003,0.10000000000000009,5.53959540676359,7.371111111111113,7.816369118943428,162.51917285879503
SKU008,Beverages,2.43,1.7,5.633333333333334,-2.2871464657210856,2.6730000000000005,0.10000000000000009,4.52995946972442,4.112333333333335,4.407650564041863,107.79078920861292
SKU028,Beverages,3.2,1.88,66.06666666666666,-2.2871464657210856,3.3405952392114022,0.04393601225356303,59.87871859399585,87.20800000000001,87.45857130846962,91.45852759140496
SKU016,Beverages,3.68,2.12,149.62777777777777,-2.2871464657210856,3.767054205919241,0.023656034217184985,141.8366366927904,233.41933333333333,233.61262901829977,70.5529250127519
SKU020,Beverages,4.58,2.22,1.9666666666666666,-2.2871464657210856,4.122,-0.10000000000000009,2.5025619652939692,4.641333333333333,4.759872857989128,43.26692649936533
SKU017,Snacks,2.64,1.46,1.7277777777777779,-1.6247518184594758,2.9040000000000004,0.10000000000000009,1.4799091094171966,2.0387777777777782,2.1369887539984322,35.84700632053871
SKU032,Beverages,1.8,1.03,5.633333333333334,-2.2871464657210856,1.8302197321211409,0.016788740067300356,5.42285154549602,4.337666666666667,4.33947281106954,0.6592427070486329
