category,depth,units_lift_x,incremental_margin,cannibal_loss,promo_margin_pct
Beverages,0.1,2.2795821668375083,5.109169275015572,1.9120326445450935,0.3153021442495127
Beverages,0.15,2.5979478118093056,4.053647817042266,1.9120326445450935,0.27502579979360164
Beverages,0.2,2.9843417991608496,2.4821663159920258,1.9120326445450935,0.22971491228070182
Beverages,0.25,3.459030232844332,0.19476475890057832,1.9120326445450935,0.17836257309941522
Beverages,0.3,4.0502761842711195,-3.0988018174550147,1.9120326445450935,0.11967418546365909
Snacks,0.1,2.061265432099062,3.7361581169102482,5.358015843425223,0.33934659472228945
Snacks,0.15,2.261861888224068,1.6331275944412713,5.358015843425223,0.3004846297059534
Snacks,0.2,2.4959970858970753,-1.0043136250857163,5.358015843425223,0.25676491906257565
Snacks,0.25,2.771939796274931,-4.328155482718648,5.358015843425223,0.20721591366674735
Snacks,0.3,3.100748878372518,-8.545557835637991,5.358015843425223,0.15058847892865776
Household,0.1,1.6470251358466081,2.7826107671431055,6.48439601031908,0.37770789657582104
Household,0.15,1.7603117907873849,-1.0420971652210715,6.48439601031908,0.34110247872733973
Household,0.2,1.8889953190013133,-5.456627166818222,6.48439601031908,0.2999213836477986
Household,0.25,2.0363402873669014,-10.591505267323193,6.48439601031908,0.2532494758909851
Household,0.3,2.2065875909039887,-16.61714526488892,6.48439601031908,0.19991015274034118
Personal Care,0.1,1.6377760027376542,0.0753303625835624,12.762043961574962,0.3227456631655055
Personal Care,0.15,1.7360982769610174,-8.694950076958863,12.762043961574962,0.2829071727634765
Personal Care,0.2,1.8468412047057943,-18.589493980532303,12.762043961574962,0.23808887106119367
Personal Care,0.25,1.9725070685646713,-29.83591096430864,12.762043961574962,0.18729479579860664
Personal Care,0.3,2.116317148212041,-42.727372357478835,12.762043961574962,0.12924442406993558
